date,day,month,month_name,weekday,year,year_month
01-Jan-24,1,1,January,1,2024,01-Jan-24
02-Jan-24,2,1,January,2,2024,01-Jan-24
03-Jan-24,3,1,January,3,2024,01-Jan-24
04-Jan-24,4,1,January,4,2024,01-Jan-24
05-Jan-24,5,1,January,5,2024,01-Jan-24
06-Jan-24,6,1,January,6,2024,01-Jan-24
07-Jan-24,7,1,January,7,2024,01-Jan-24
08-Jan-24,8,1,January,1,2024,01-Jan-24
09-Jan-24,9,1,January,2,2024,01-Jan-24
10-Jan-24,10,1,January,3,2024,01-Jan-24
11-Jan-24,11,1,January,4,2024,01-Jan-24
12-Jan-24,12,1,January,5,2024,01-Jan-24
13-Jan-24,13,1,January,6,2024,01-Jan-24
14-Jan-24,14,1,January,7,2024,01-Jan-24
15-Jan-24,15,1,January,1,2024,01-Jan-24
16-Jan-24,16,1,January,2,2024,01-Jan-24
17-Jan-24,17,1,January,3,2024,01-Jan-24
18-Jan-24,18,1,January,4,2024,01-Jan-24
19-Jan-24,19,1,January,5,2024,01-Jan-24
20-Jan-24,20,1,January,6,2024,01-Jan-24
21-Jan-24,21,1,January,7,2024,01-Jan-24
22-Jan-24,22,1,January,1,2024,01-Jan-24
23-Jan-24,23,1,January,2,2024,01-Jan-24
24-Jan-24,24,1,January,3,2024,01-Jan-24
25-Jan-24,25,1,January,4,2024,01-Jan-24
26-Jan-24,26,1,January,5,2024,01-Jan-24
27-Jan-24,27,1,January,6,2024,01-Jan-24
28-Jan-24,28,1,January,7,2024,01-Jan-24
29-Jan-24,29,1,January,1,2024,01-Jan-24
30-Jan-24,30,1,January,2,2024,01-Jan-24
31-Jan-24,31,1,January,3,2024,01-Jan-24
01-Feb-24,1,2,February,4,2024,01-Feb-24
02-Feb-24,2,2,February,5,2024,01-Feb-24
03-Feb-24,3,2,February,6,2024,01-Feb-24
04-Feb-24,4,2,February,7,2024,01-Feb-24
05-Feb-24,5,2,February,1,2024,01-Feb-24
06-Feb-24,6,2,February,2,2024,01-Feb-24
07-Feb-24,7,2,February,3,2024,01-Feb-24
08-Feb-24,8,2,February,4,2024,01-Feb-24
09-Feb-24,9,2,February,5,2024,01-Feb-24
10-Feb-24,10,2,February,6,2024,01-Feb-24
11-Feb-24,11,2,February,7,2024,01-Feb-24
12-Feb-24,12,2,February,1,2024,01-Feb-24
13-Feb-24,13,2,February,2,2024,01-Feb-24
14-Feb-24,14,2,February,3,2024,01-Feb-24
15-Feb-24,15,2,February,4,2024,01-Feb-24
16-Feb-24,16,2,February,5,2024,01-Feb-24
17-Feb-24,17,2,February,6,2024,01-Feb-24
18-Feb-24,18,2,February,7,2024,01-Feb-24
19-Feb-24,19,2,February,1,2024,01-Feb-24
20-Feb-24,20,2,February,2,2024,01-Feb-24
21-Feb-24,21,2,February,3,2024,01-Feb-24
22-Feb-24,22,2,February,4,2024,01-Feb-24
23-Feb-24,23,2,February,5,2024,01-Feb-24
24-Feb-24,24,2,February,6,2024,01-Feb-24
25-Feb-24,25,2,February,7,2024,01-Feb-24
26-Feb-24,26,2,February,1,2024,01-Feb-24
27-Feb-24,27,2,February,2,2024,01-Feb-24
28-Feb-24,28,2,February,3,2024,01-Feb-24
29-Feb-24,29,2,February,4,2024,01-Feb-24
01-Mar-24,1,3,March,5,2024,01-Mar-24
02-Mar-24,2,3,March,6,2024,01-Mar-24
03-Mar-24,3,3,March,7,2024,01-Mar-24
04-Mar-24,4,3,March,1,2024,01-Mar-24
05-Mar-24,5,3,March,2,2024,01-Mar-24
06-Mar-24,6,3,March,3,2024,01-Mar-24
07-Mar-24,7,3,March,4,2024,01-Mar-24
08-Mar-24,8,3,March,5,2024,01-Mar-24
09-Mar-24,9,3,March,6,2024,01-Mar-24
10-Mar-24,10,3,March,7,2024,01-Mar-24
11-Mar-24,11,3,March,1,2024,01-Mar-24
12-Mar-24,12,3,March,2,2024,01-Mar-24
13-Mar-24,13,3,March,3,2024,01-Mar-24
14-Mar-24,14,3,March,4,2024,01-Mar-24
15-Mar-24,15,3,March,5,2024,01-Mar-24
16-Mar-24,16,3,March,6,2024,01-Mar-24
17-Mar-24,17,3,March,7,2024,01-Mar-24
18-Mar-24,18,3,March,1,2024,01-Mar-24
19-Mar-24,19,3,March,2,2024,01-Mar-24
20-Mar-24,20,3,March,3,2024,01-Mar-24
21-Mar-24,21,3,March,4,2024,01-Mar-24
22-Mar-24,22,3,March,5,2024,01-Mar-24
23-Mar-24,23,3,March,6,2024,01-Mar-24
24-Mar-24,24,3,March,7,2024,01-Mar-24
25-Mar-24,25,3,March,1,2024,01-Mar-24
26-Mar-24,26,3,March,2,2024,01-Mar-24
27-Mar-24,27,3,March,3,2024,01-Mar-24
28-Mar-24,28,3,March,4,2024,01-Mar-24
29-Mar-24,29,3,March,5,2024,01-Mar-24
30-Mar-24,30,3,March,6,2024,01-Mar-24
31-Mar-24,31,3,March,7,2024,01-Mar-24
01-Apr-24,1,4,April,1,2024,01-Apr-24
02-Apr-24,2,4,April,2,2024,01-Apr-24
03-Apr-24,3,4,April,3,2024,01-Apr-24
04-Apr-24,4,4,April,4,2024,01-Apr-24
05-Apr-24,5,4,April,5,2024,01-Apr-24
06-Apr-24,6,4,April,6,2024,01-Apr-24
07-Apr-24,7,4,April,7,2024,01-Apr-24
08-Apr-24,8,4,April,1,2024,01-Apr-24
09-Apr-24,9,4,April,2,2024,01-Apr-24
10-Apr-24,10,4,April,3,2024,01-Apr-24
11-Apr-24,11,4,April,4,2024,01-Apr-24
12-Apr-24,12,4,April,5,2024,01-Apr-24
13-Apr-24,13,4,April,6,2024,01-Apr-24
14-Apr-24,14,4,April,7,2024,01-Apr-24
15-Apr-24,15,4,April,1,2024,01-Apr-24
16-Apr-24,16,4,April,2,2024,01-Apr-24
17-Apr-24,17,4,April,3,2024,01-Apr-24
18-Apr-24,18,4,April,4,2024,01-Apr-24
19-Apr-24,19,4,April,5,2024,01-Apr-24
20-Apr-24,20,4,April,6,2024,01-Apr-24
21-Apr-24,21,4,April,7,2024,01-Apr-24
22-Apr-24,22,4,April,1,2024,01-Apr-24
23-Apr-24,23,4,April,2,2024,01-Apr-24
24-Apr-24,24,4,April,3,2024,01-Apr-24
25-Apr-24,25,4,April,4,2024,01-Apr-24
26-Apr-24,26,4,April,5,2024,01-Apr-24
27-Apr-24,27,4,April,6,2024,01-Apr-24
28-Apr-24,28,4,April,7,2024,01-Apr-24
29-Apr-24,29,4,April,1,2024,01-Apr-24
30-Apr-24,30,4,April,2,2024,01-Apr-24
01-May-24,1,5,May,3,2024,01-May-24
02-May-24,2,5,May,4,2024,01-May-24
03-May-24,3,5,May,5,2024,01-May-24
04-May-24,4,5,May,6,2024,01-May-24
05-May-24,5,5,May,7,2024,01-May-24
06-May-24,6,5,May,1,2024,01-May-24
07-May-24,7,5,May,2,2024,01-May-24
08-May-24,8,5,May,3,2024,01-May-24
09-May-24,9,5,May,4,2024,01-May-24
10-May-24,10,5,May,5,2024,01-May-24
11-May-24,11,5,May,6,2024,01-May-24
12-May-24,12,5,May,7,2024,01-May-24
13-May-24,13,5,May,1,2024,01-May-24
14-May-24,14,5,May,2,2024,01-May-24
15-May-24,15,5,May,3,2024,01-May-24
16-May-24,16,5,May,4,2024,01-May-24
17-May-24,17,5,May,5,2024,01-May-24
18-May-24,18,5,May,6,2024,01-May-24
19-May-24,19,5,May,7,2024,01-May-24
20-May-24,20,5,May,1,2024,01-May-24
21-May-24,21,5,May,2,2024,01-May-24
22-May-24,22,5,May,3,2024,01-May-24
23-May-24,23,5,May,4,2024,01-May-24
24-May-24,24,5,May,5,2024,01-May-24
25-May-24,25,5,May,6,2024,01-May-24
26-May-24,26,5,May,7,2024,01-May-24
27-May-24,27,5,May,1,2024,01-May-24
28-May-24,28,5,May,2,2024,01-May-24
29-May-24,29,5,May,3,2024,01-May-24
30-May-24,30,5,May,4,2024,01-May-24
31-May-24,31,5,May,5,2024,01-May-24
01-Jun-24,1,6,June,6,2024,01-Jun-24
02-Jun-24,2,6,June,7,2024,01-Jun-24
03-Jun-24,3,6,June,1,2024,01-Jun-24
04-Jun-24,4,6,June,2,2024,01-Jun-24
05-Jun-24,5,6,June,3,2024,01-Jun-24
06-Jun-24,6,6,June,4,2024,01-Jun-24
07-Jun-24,7,6,June,5,2024,01-Jun-24
08-Jun-24,8,6,June,6,2024,01-Jun-24
09-Jun-24,9,6,June,7,2024,01-Jun-24
10-Jun-24,10,6,June,1,2024,01-Jun-24
11-Jun-24,11,6,June,2,2024,01-Jun-24
12-Jun-24,12,6,June,3,2024,01-Jun-24
13-Jun-24,13,6,June,4,2024,01-Jun-24
14-Jun-24,14,6,June,5,2024,01-Jun-24
15-Jun-24,15,6,June,6,2024,01-Jun-24
16-Jun-24,16,6,June,7,2024,01-Jun-24
17-Jun-24,17,6,June,1,2024,01-Jun-24
18-Jun-24,18,6,June,2,2024,01-Jun-24
19-Jun-24,19,6,June,3,2024,01-Jun-24
20-Jun-24,20,6,June,4,2024,01-Jun-24
21-Jun-24,21,6,June,5,2024,01-Jun-24
22-Jun-24,22,6,June,6,2024,01-Jun-24
23-Jun-24,23,6,June,7,2024,01-Jun-24
24-Jun-24,24,6,June,1,2024,01-Jun-24
25-Jun-24,25,6,June,2,2024,01-Jun-24
26-Jun-24,26,6,June,3,2024,01-Jun-24
27-Jun-24,27,6,June,4,2024,01-Jun-24
28-Jun-24,28,6,June,5,2024,01-Jun-24
29-Jun-24,29,6,June,6,2024,01-Jun-24
30-Jun-24,30,6,June,7,2024,01-Jun-24
01-Jul-24,1,7,July,1,2024,01-Jul-24
02-Jul-24,2,7,July,2,2024,01-Jul-24
03-Jul-24,3,7,July,3,2024,01-Jul-24
04-Jul-24,4,7,July,4,2024,01-Jul-24
05-Jul-24,5,7,July,5,2024,01-Jul-24
06-Jul-24,6,7,July,6,2024,01-Jul-24
07-Jul-24,7,7,July,7,2024,01-Jul-24
08-Jul-24,8,7,July,1,2024,01-Jul-24
09-Jul-24,9,7,July,2,2024,01-Jul-24
10-Jul-24,10,7,July,3,2024,01-Jul-24
11-Jul-24,11,7,July,4,2024,01-Jul-24
12-Jul-24,12,7,July,5,2024,01-Jul-24
13-Jul-24,13,7,July,6,2024,01-Jul-24
14-Jul-24,14,7,July,7,2024,01-Jul-24
15-Jul-24,15,7,July,1,2024,01-Jul-24
16-Jul-24,16,7,July,2,2024,01-Jul-24
17-Jul-24,17,7,July,3,2024,01-Jul-24
18-Jul-24,18,7,July,4,2024,01-Jul-24
19-Jul-24,19,7,July,5,2024,01-Jul-24
20-Jul-24,20,7,July,6,2024,01-Jul-24
21-Jul-24,21,7,July,7,2024,01-Jul-24
22-Jul-24,22,7,July,1,2024,01-Jul-24
23-Jul-24,23,7,July,2,2024,01-Jul-24
24-Jul-24,24,7,July,3,2024,01-Jul-24
25-Jul-24,25,7,July,4,2024,01-Jul-24
26-Jul-24,26,7,July,5,2024,01-Jul-24
27-Jul-24,27,7,July,6,2024,01-Jul-24
28-Jul-24,28,7,July,7,2024,01-Jul-24
29-Jul-24,29,7,July,1,2024,01-Jul-24
30-Jul-24,30,7,July,2,2024,01-Jul-24
31-Jul-24,31,7,July,3,2024,01-Jul-24
01-Aug-24,1,8,August,4,2024,01-Aug-24
02-Aug-24,2,8,August,5,2024,01-Aug-24
03-Aug-24,3,8,August,6,2024,01-Aug-24
04-Aug-24,4,8,August,7,2024,01-Aug-24
05-Aug-24,5,8,August,1,2024,01-Aug-24
06-Aug-24,6,8,August,2,2024,01-Aug-24
07-Aug-24,7,8,August,3,2024,01-Aug-24
08-Aug-24,8,8,August,4,2024,01-Aug-24
09-Aug-24,9,8,August,5,2024,01-Aug-24
10-Aug-24,10,8,August,6,2024,01-Aug-24
11-Aug-24,11,8,August,7,2024,01-Aug-24
12-Aug-24,12,8,August,1,2024,01-Aug-24
13-Aug-24,13,8,August,2,2024,01-Aug-24
14-Aug-24,14,8,August,3,2024,01-Aug-24
15-Aug-24,15,8,August,4,2024,01-Aug-24
16-Aug-24,16,8,August,5,2024,01-Aug-24
17-Aug-24,17,8,August,6,2024,01-Aug-24
18-Aug-24,18,8,August,7,2024,01-Aug-24
19-Aug-24,19,8,August,1,2024,01-Aug-24
20-Aug-24,20,8,August,2,2024,01-Aug-24
21-Aug-24,21,8,August,3,2024,01-Aug-24
22-Aug-24,22,8,August,4,2024,01-Aug-24
23-Aug-24,23,8,August,5,2024,01-Aug-24
24-Aug-24,24,8,August,6,2024,01-Aug-24
25-Aug-24,25,8,August,7,2024,01-Aug-24
26-Aug-24,26,8,August,1,2024,01-Aug-24
27-Aug-24,27,8,August,2,2024,01-Aug-24
28-Aug-24,28,8,August,3,2024,01-Aug-24
29-Aug-24,29,8,August,4,2024,01-Aug-24
30-Aug-24,30,8,August,5,2024,01-Aug-24
31-Aug-24,31,8,August,6,2024,01-Aug-24
01-Sep-24,1,9,September,7,2024,01-Sep-24
02-Sep-24,2,9,September,1,2024,01-Sep-24
03-Sep-24,3,9,September,2,2024,01-Sep-24
04-Sep-24,4,9,September,3,2024,01-Sep-24
05-Sep-24,5,9,September,4,2024,01-Sep-24
06-Sep-24,6,9,September,5,2024,01-Sep-24
07-Sep-24,7,9,September,6,2024,01-Sep-24
08-Sep-24,8,9,September,7,2024,01-Sep-24
09-Sep-24,9,9,September,1,2024,01-Sep-24
10-Sep-24,10,9,September,2,2024,01-Sep-24
11-Sep-24,11,9,September,3,2024,01-Sep-24
12-Sep-24,12,9,September,4,2024,01-Sep-24
13-Sep-24,13,9,September,5,2024,01-Sep-24
14-Sep-24,14,9,September,6,2024,01-Sep-24
15-Sep-24,15,9,September,7,2024,01-Sep-24
16-Sep-24,16,9,September,1,2024,01-Sep-24
17-Sep-24,17,9,September,2,2024,01-Sep-24
18-Sep-24,18,9,September,3,2024,01-Sep-24
19-Sep-24,19,9,September,4,2024,01-Sep-24
20-Sep-24,20,9,September,5,2024,01-Sep-24
21-Sep-24,21,9,September,6,2024,01-Sep-24
22-Sep-24,22,9,September,7,2024,01-Sep-24
23-Sep-24,23,9,September,1,2024,01-Sep-24
24-Sep-24,24,9,September,2,2024,01-Sep-24
25-Sep-24,25,9,September,3,2024,01-Sep-24
26-Sep-24,26,9,September,4,2024,01-Sep-24
27-Sep-24,27,9,September,5,2024,01-Sep-24
28-Sep-24,28,9,September,6,2024,01-Sep-24
29-Sep-24,29,9,September,7,2024,01-Sep-24
30-Sep-24,30,9,September,1,2024,01-Sep-24
01-Oct-24,1,10,October,2,2024,01-Oct-24
02-Oct-24,2,10,October,3,2024,01-Oct-24
03-Oct-24,3,10,October,4,2024,01-Oct-24
04-Oct-24,4,10,October,5,2024,01-Oct-24
05-Oct-24,5,10,October,6,2024,01-Oct-24
06-Oct-24,6,10,October,7,2024,01-Oct-24
07-Oct-24,7,10,October,1,2024,01-Oct-24
08-Oct-24,8,10,October,2,2024,01-Oct-24
09-Oct-24,9,10,October,3,2024,01-Oct-24
10-Oct-24,10,10,October,4,2024,01-Oct-24
11-Oct-24,11,10,October,5,2024,01-Oct-24
12-Oct-24,12,10,October,6,2024,01-Oct-24
13-Oct-24,13,10,October,7,2024,01-Oct-24
14-Oct-24,14,10,October,1,2024,01-Oct-24
15-Oct-24,15,10,October,2,2024,01-Oct-24
16-Oct-24,16,10,October,3,2024,01-Oct-24
17-Oct-24,17,10,October,4,2024,01-Oct-24
18-Oct-24,18,10,October,5,2024,01-Oct-24
19-Oct-24,19,10,October,6,2024,01-Oct-24
20-Oct-24,20,10,October,7,2024,01-Oct-24
21-Oct-24,21,10,October,1,2024,01-Oct-24
22-Oct-24,22,10,October,2,2024,01-Oct-24
23-Oct-24,23,10,October,3,2024,01-Oct-24
24-Oct-24,24,10,October,4,2024,01-Oct-24
25-Oct-24,25,10,October,5,2024,01-Oct-24
26-Oct-24,26,10,October,6,2024,01-Oct-24
27-Oct-24,27,10,October,7,2024,01-Oct-24
28-Oct-24,28,10,October,1,2024,01-Oct-24
29-Oct-24,29,10,October,2,2024,01-Oct-24
30-Oct-24,30,10,October,3,2024,01-Oct-24
31-Oct-24,31,10,October,4,2024,01-Oct-24
01-Nov-24,1,11,November,5,2024,01-Nov-24
02-Nov-24,2,11,November,6,2024,01-Nov-24
03-Nov-24,3,11,November,7,2024,01-Nov-24
04-Nov-24,4,11,November,1,2024,01-Nov-24
05-Nov-24,5,11,November,2,2024,01-Nov-24
06-Nov-24,6,11,November,3,2024,01-Nov-24
07-Nov-24,7,11,November,4,2024,01-Nov-24
08-Nov-24,8,11,November,5,2024,01-Nov-24
09-Nov-24,9,11,November,6,2024,01-Nov-24
10-Nov-24,10,11,November,7,2024,01-Nov-24
11-Nov-24,11,11,November,1,2024,01-Nov-24
12-Nov-24,12,11,November,2,2024,01-Nov-24
13-Nov-24,13,11,November,3,2024,01-Nov-24
14-Nov-24,14,11,November,4,2024,01-Nov-24
15-Nov-24,15,11,November,5,2024,01-Nov-24
16-Nov-24,16,11,November,6,2024,01-Nov-24
17-Nov-24,17,11,November,7,2024,01-Nov-24
18-Nov-24,18,11,November,1,2024,01-Nov-24
19-Nov-24,19,11,November,2,2024,01-Nov-24
20-Nov-24,20,11,November,3,2024,01-Nov-24
21-Nov-24,21,11,November,4,2024,01-Nov-24
22-Nov-24,22,11,November,5,2024,01-Nov-24
23-Nov-24,23,11,November,6,2024,01-Nov-24
24-Nov-24,24,11,November,7,2024,01-Nov-24
25-Nov-24,25,11,November,1,2024,01-Nov-24
26-Nov-24,26,11,November,2,2024,01-Nov-24
27-Nov-24,27,11,November,3,2024,01-Nov-24
28-Nov-24,28,11,November,4,2024,01-Nov-24
29-Nov-24,29,11,November,5,2024,01-Nov-24
30-Nov-24,30,11,November,6,2024,01-Nov-24
01-Dec-24,1,12,December,7,2024,01-Dec-24
02-Dec-24,2,12,December,1,2024,01-Dec-24
03-Dec-24,3,12,December,2,2024,01-Dec-24
04-Dec-24,4,12,December,3,2024,01-Dec-24
05-Dec-24,5,12,December,4,2024,01-Dec-24
06-Dec-24,6,12,December,5,2024,01-Dec-24
07-Dec-24,7,12,December,6,2024,01-Dec-24
08-Dec-24,8,12,December,7,2024,01-Dec-24
09-Dec-24,9,12,December,1,2024,01-Dec-24
10-Dec-24,10,12,December,2,2024,01-Dec-24
11-Dec-24,11,12,December,3,2024,01-Dec-24
12-Dec-24,12,12,December,4,2024,01-Dec-24
13-Dec-24,13,12,December,5,2024,01-Dec-24
14-Dec-24,14,12,December,6,2024,01-Dec-24
15-Dec-24,15,12,December,7,2024,01-Dec-24
16-Dec-24,16,12,December,1,2024,01-Dec-24
17-Dec-24,17,12,December,2,2024,01-Dec-24
18-Dec-24,18,12,December,3,2024,01-Dec-24
19-Dec-24,19,12,December,4,2024,01-Dec-24
20-Dec-24,20,12,December,5,2024,01-Dec-24
21-Dec-24,21,12,December,6,2024,01-Dec-24
22-Dec-24,22,12,December,7,2024,01-Dec-24
23-Dec-24,23,12,December,1,2024,01-Dec-24
24-Dec-24,24,12,December,2,2024,01-Dec-24
25-Dec-24,25,12,December,3,2024,01-Dec-24
26-Dec-24,26,12,December,4,2024,01-Dec-24
27-Dec-24,27,12,December,5,2024,01-Dec-24
28-Dec-24,28,12,December,6,2024,01-Dec-24
29-Dec-24,29,12,December,7,2024,01-Dec-24
30-Dec-24,30,12,December,1,2024,01-Dec-24
31-Dec-24,31,12,December,2,2024,01-Dec-24
